-- MySQL dump 10.13  Distrib 8.0.43, for Win64 (x86_64)
--
-- Host: 127.0.0.1    Database: flightbookingdb
-- ------------------------------------------------------
-- Server version	8.0.43

/*!40101 SET @OLD_CHARACTER_SET_CLIENT=@@CHARACTER_SET_CLIENT */;
/*!40101 SET @OLD_CHARACTER_SET_RESULTS=@@CHARACTER_SET_RESULTS */;
/*!40101 SET @OLD_COLLATION_CONNECTION=@@COLLATION_CONNECTION */;
/*!50503 SET NAMES utf8 */;
/*!40103 SET @OLD_TIME_ZONE=@@TIME_ZONE */;
/*!40103 SET TIME_ZONE='+00:00' */;
/*!40014 SET @OLD_UNIQUE_CHECKS=@@UNIQUE_CHECKS, UNIQUE_CHECKS=0 */;
/*!40014 SET @OLD_FOREIGN_KEY_CHECKS=@@FOREIGN_KEY_CHECKS, FOREIGN_KEY_CHECKS=0 */;
/*!40101 SET @OLD_SQL_MODE=@@SQL_MODE, SQL_MODE='NO_AUTO_VALUE_ON_ZERO' */;
/*!40111 SET @OLD_SQL_NOTES=@@SQL_NOTES, SQL_NOTES=0 */;

--
-- Table structure for table `airport`
--

DROP TABLE IF EXISTS `airport`;
/*!40101 SET @saved_cs_client     = @@character_set_client */;
/*!50503 SET character_set_client = utf8mb4 */;
CREATE TABLE `airport` (
  `airport_id` varchar(10) NOT NULL,
  `name` varchar(45) DEFAULT NULL,
  `city` varchar(45) DEFAULT NULL,
  `country` varchar(45) DEFAULT NULL,
  PRIMARY KEY (`airport_id`)
) ENGINE=InnoDB DEFAULT CHARSET=utf8mb4 COLLATE=utf8mb4_0900_ai_ci;
/*!40101 SET character_set_client = @saved_cs_client */;

--
-- Dumping data for table `airport`
--

LOCK TABLES `airport` WRITE;
/*!40000 ALTER TABLE `airport` DISABLE KEYS */;
INSERT INTO `airport` VALUES ('BMV','Buôn Ma Thuột Airport','Đắk Lắk','Việt Nam'),('CAH','Cà Mau Airport','Cà Mau','Việt Nam'),('CXR','Cam Ranh International Airport','Khánh Hòa','Việt Nam'),('DAD','Đà Nẵng International Airport','Đà Nẵng','Việt Nam'),('DIN','Điện Biên Phủ Airport','Điện Biên','Việt Nam'),('DLI','Liên Khương Airport','Lâm Đồng','Việt Nam'),('HAN','Nội Bài International Airport','Hà Nội','Việt Nam'),('HPH','Cát Bi International Airport','Hải Phòng','Việt Nam'),('HUI','Phú Bài International Airport','Huế','Việt Nam'),('PQC','Phú Quốc International Airport','Phú Quốc','Việt Nam'),('PXU','Pleiku Airport','Gia Lai','Việt Nam'),('SGN','Tân Sơn Nhất International Airport','TP. Hồ Chí Minh','Việt Nam'),('SGN2','Long Thành International Airport','Đồng Nai','Việt Nam'),('TBB','Đồng Hới Airport','Quảng Bình','Việt Nam'),('THD','Thọ Xuân Airport','Thanh Hóa','Việt Nam'),('UIH','Phù Cát Airport','Bình Định','Việt Nam'),('VCA','Cần Thơ International Airport','Cần Thơ','Việt Nam'),('VCL','Chu Lai Airport','Quảng Nam','Việt Nam'),('VII','Vinh Airport','Nghệ An','Việt Nam');
/*!40000 ALTER TABLE `airport` ENABLE KEYS */;
UNLOCK TABLES;

--
-- Table structure for table `booking`
--

DROP TABLE IF EXISTS `booking`;
/*!40101 SET @saved_cs_client     = @@character_set_client */;
/*!50503 SET character_set_client = utf8mb4 */;
CREATE TABLE `booking` (
  `booking_id` varchar(10) NOT NULL,
  `customer_id` varchar(10) DEFAULT NULL,
  `booking_date` varchar(45) DEFAULT NULL,
  `total_amount` decimal(10,0) DEFAULT NULL,
  PRIMARY KEY (`booking_id`),
  KEY `customer_id_idx` (`customer_id`),
  CONSTRAINT `customer_id` FOREIGN KEY (`customer_id`) REFERENCES `customer` (`customer_id`) ON DELETE CASCADE ON UPDATE CASCADE
) ENGINE=InnoDB DEFAULT CHARSET=utf8mb4 COLLATE=utf8mb4_0900_ai_ci;
/*!40101 SET character_set_client = @saved_cs_client */;

--
-- Dumping data for table `booking`
--

LOCK TABLES `booking` WRITE;
/*!40000 ALTER TABLE `booking` DISABLE KEYS */;
INSERT INTO `booking` VALUES ('B0001','C0001','2025-10-23 15:00:00',1450000),('B0002','C0002','2025-10-01 10:30:00',1450000),('B0003','C0003','2025-10-02 08:20:00',1800000),('B0004','C0004','2025-10-02 14:05:00',2850000),('B0005','C0005','2025-10-03 11:00:00',2400000),('B0006','C0006','2025-10-03 15:30:00',1250000),('B0007','C0007','2025-10-04 09:50:00',1200000),('B0008','C0008','2025-10-04 16:40:00',1300000),('B0009','C0009','2025-10-05 07:10:00',1100000),('B0010','C0010','2025-10-05 19:20:00',2300000),('B0011','C0011','2025-10-06 08:15:00',6000000),('B0012','C0012','2025-10-06 14:25:00',2050000),('B0013','C0013','2025-10-07 09:05:00',2000000),('B0014','C0014','2025-10-07 17:45:00',1050000),('B0015','C0015','2025-10-08 10:30:00',3400000),('B0016','C0016','2025-10-08 13:15:00',1750000),('B0017','C0017','2025-10-09 09:25:00',6600000),('B0018','C0018','2025-10-09 18:00:00',4500000),('B0019','C0019','2025-10-10 07:55:00',1300000),('B0020','C0020','2025-10-10 20:10:00',2700000),('B0021','C0001','2025-10-10 20:10:00',5350000),('B0877','C0001','2025-10-31 16:18:47',2500000),('B1786','C0001','2025-11-02 08:43:23',1450000),('B2785','C3428','2025-11-02 21:22:37',12320000),('B2918','C0001','2025-10-30 09:19:15',1050000),('B3243','C0001','2025-11-02 09:09:01',1580000),('B3418','C3428','2025-11-02 10:01:25',4740000),('B3622','C0001','2025-10-26 15:34:58',4350000),('B3649','C3428','2025-11-01 15:43:21',2500000),('B3901','C0001','2025-11-05 14:11:44',1500000),('B5615','C3428','2025-11-05 14:17:22',30600000),('B5970','C1065','2025-11-05 21:31:46',23850000),('B6463','C0001','2025-11-01 18:19:33',1050000),('B6704','C3428','2025-11-05 14:19:09',30600000),('B7257','C3428','2025-11-05 21:29:05',4050000),('B8895','C3428','2025-11-02 09:59:07',9150000),('B9273','C3428','2025-11-02 09:11:00',9090000),('B9838','C3428','2025-11-03 19:31:49',3400000);
/*!40000 ALTER TABLE `booking` ENABLE KEYS */;
UNLOCK TABLES;

--
-- Table structure for table `bookingdetail`
--

DROP TABLE IF EXISTS `bookingdetail`;
/*!40101 SET @saved_cs_client     = @@character_set_client */;
/*!50503 SET character_set_client = utf8mb4 */;
CREATE TABLE `bookingdetail` (
  `flight_id` varchar(10) NOT NULL,
  `booking_id` varchar(10) NOT NULL,
  `customer_id` varchar(10) DEFAULT NULL,
  `flight_number` varchar(45) DEFAULT NULL,
  `passengers` int DEFAULT NULL,
  `seat_position` varchar(45) DEFAULT NULL,
  PRIMARY KEY (`flight_id`,`booking_id`),
  KEY `booking_id_idx` (`booking_id`),
  KEY `customer_id_idx` (`customer_id`),
  CONSTRAINT `booking_id` FOREIGN KEY (`booking_id`) REFERENCES `booking` (`booking_id`) ON DELETE CASCADE ON UPDATE CASCADE,
  CONSTRAINT `flight_id` FOREIGN KEY (`flight_id`) REFERENCES `flight` (`flight_id`) ON DELETE CASCADE ON UPDATE CASCADE
) ENGINE=InnoDB DEFAULT CHARSET=utf8mb4 COLLATE=utf8mb4_0900_ai_ci;
/*!40101 SET character_set_client = @saved_cs_client */;

--
-- Dumping data for table `bookingdetail`
--

LOCK TABLES `bookingdetail` WRITE;
/*!40000 ALTER TABLE `bookingdetail` DISABLE KEYS */;
INSERT INTO `bookingdetail` VALUES ('F0002','B0001','C0001','VN102',1,'A3'),('F0002','B0002','C0002','VN102',1,'A1'),('F0002','B3622','C0001','VN102',3,'G3 G4 G5'),('F0003','B0003','C0003','VN103',1,'A2'),('F0004','B0004','C0004','VN104',3,'B1 B2 B3'),('F0005','B0005','C0005','VN105',2,'C1 C2'),('F0006','B0006','C0006','VN106',1,'D1'),('F0007','B0007','C0007','VN107',1,'E1'),('F0008','B0008','C0008','VN108',2,'F1 F2'),('F0009','B0009','C0009','VN109',1,'G1'),('F0010','B0010','C0010','VN110',2,'H1 H2'),('F0011','B0011','C0011','VN111',3,'I1 I2 I3'),('F0012','B0012','C0012','VN112',1,'J1'),('F0013','B0013','C0013','VN113',2,'K1 K2'),('F0014','B0014','C0014','VN114',1,'L1'),('F0015','B0015','C0015','VN115',2,'M1 M2'),('F0016','B0016','C0016','VN116',1,'N1'),('F0017','B0017','C0017','VN117',3,'O1 O2 O3'),('F0018','B0018','C0018','VN118',2,'P1 P2'),('F0019','B0019','C0019','VN119',1,'Q1'),('F0019','B0021','C0001','VN119',1,'Q2'),('F0020','B0020','C0020','VN120',3,'R1 R2 R3'),('F0020','B0021','C0001','VN120',3,'S1 S2 S3'),('F0024','B0877','C0001','VN122',1,'A1'),('F0053','B0877','C0001','VN141',1,'G4'),('F0053','B2918','C0001','VN141',1,'D3'),('F0053','B3649','C3428','VN141',1,'O5'),('F0053','B6463','C0001','VN141',1,'Q5'),('F0058','B3901','C0001','VN156',1,'I5'),('F0059','B7257','C3428','VN157',1,'H3'),('F0079','B8895','C3428','VN177',3,'I2 I3 J3'),('F0080','B2785','C3428','VN178',4,'K2 K3 K4 K5'),('F0083','B3649','C3428','VN176',1,'P4'),('F0083','B9273','C3428','VN176',3,'F2 F3 F4'),('F0084','B1786','C0001','VN176',1,'M5'),('F0085','B2785','C3428','VN174',4,'K2 K3 K4 K5'),('F0085','B3243','C0001','VN174',1,'Q4'),('F0085','B3418','C3428','VN174',3,'D3 E3 F3'),('F0085','B8895','C3428','VN174',3,'N2 N3 N4'),('F0085','B9273','C3428','VN174',3,'I2 I3 I4'),('F0086','B5615','C3428','VN181',9,'J2 M2 P2 C3 F3 K3 H4 O4 D5'),('F0086','B6704','C3428','VN181',9,'G4 I4 K4 M4 Q4 R4 T4 M5 R5'),('F0118','B5615','C3428','VN203',9,'C1 O1 F2 I2 M2 J3 P3 G4 H4'),('F0118','B6704','C3428','VN203',9,'I4 D5 F5 G5 H5 J5 K5 L5 M5'),('F0119','B9838','C3428','VN204',2,'K2 K3'),('F0200','B5970','C1065','VN277',9,'J2 K2 L2 F3 H3 M3 F4 K4 O4'),('F0204','B5970','C1065','VN100',9,'J1 E2 I2 L2 E3 G4 M4 F5 O5'),('F0214','B7257','C3428','VN080',1,'M2');
/*!40000 ALTER TABLE `bookingdetail` ENABLE KEYS */;
UNLOCK TABLES;

--
-- Table structure for table `customer`
--

DROP TABLE IF EXISTS `customer`;
/*!40101 SET @saved_cs_client     = @@character_set_client */;
/*!50503 SET character_set_client = utf8mb4 */;
CREATE TABLE `customer` (
  `customer_id` varchar(10) NOT NULL,
  `name` varchar(45) DEFAULT NULL,
  `phone` varchar(10) DEFAULT NULL,
  `email` varchar(45) DEFAULT NULL,
  `dob` varchar(10) DEFAULT NULL,
  PRIMARY KEY (`customer_id`)
) ENGINE=InnoDB DEFAULT CHARSET=utf8mb4 COLLATE=utf8mb4_0900_ai_ci;
/*!40101 SET character_set_client = @saved_cs_client */;

--
-- Dumping data for table `customer`
--

LOCK TABLES `customer` WRITE;
/*!40000 ALTER TABLE `customer` DISABLE KEYS */;
INSERT INTO `customer` VALUES ('C0001','Nguyễn Văn An','1234567890','nguyenvana@mail.com','15/01/1990'),('C0002','Trần Thị Bình','1234567891','tranthib@mail.com','22/03/1989'),('C0003','Lê Văn Cường','1234567892','phamvantruong@mail.com','10/07/1992'),('C0004','Phạm Thị Dung','1234567893','lethiminh@mail.com','05/11/1995'),('C0005','Hoàng Văn Dũng','1234567894','dangthanhhai@mail.com','09/09/1988'),('C0006','Ngô Thị Hạnh','1234567895','hoangvanphuc@mail.com','12/12/1991'),('C0007','Vũ Văn Hòa','1234567896','ngothihuong@mail.com','03/06/1993'),('C0008','Đặng Thị Hương','1234567897','buiminhduc@mail.com','27/08/1990'),('C0009','Bùi Văn Khánh','1234567898','vothanhdat@mail.com','18/10/1994'),('C0010','Phan Thị Lan','1234567899','dothithao@mail.com','14/02/1996'),('C0011','Đỗ Văn Lâm','1234567900','nguyenthianh@mail.com','25/05/1991'),('C0012','Nguyễn Thị Mai','1234567901','phamhoanglong@mail.com','30/03/1992'),('C0013','Trần Văn Minh','1234567902','leminhquan@mail.com','07/07/1989'),('C0014','Lê Thị Nga','1234567903','tranthuthao@mail.com','16/04/1995'),('C0015','Phạm Văn Nam','1234567904','vuhoangnam@mail.com','21/09/1993'),('C0016','Hoàng Thị Oanh','1234567905','nguyenthuylinh@mail.com','08/12/1994'),('C0017','Ngô Văn Phúc','1234567906','doanminhkhoi@mail.com','19/06/1990'),('C0018','Vũ Thị Quỳnh','1234567907','phamvanhuy@mail.com','11/01/1992'),('C0019','Đặng Văn Sơn','1234567908','ngothutrang@mail.com','02/08/1988'),('C0020','Bùi Thị Trang','1234567909','tranminhquan@mail.com','29/09/1995'),('C1065','Truong Minh Son','5432112345','minh@mail.com','18/10/2005'),('C3428','Truong Minh Son','3456789120','son@mail.com','18/10/2005'),('C8072','Nguyễn Hoàng Hải','2345678901','hainguyenhoang@mail.com','05/07/2005');
/*!40000 ALTER TABLE `customer` ENABLE KEYS */;
UNLOCK TABLES;

--
-- Table structure for table `flight`
--

DROP TABLE IF EXISTS `flight`;
/*!40101 SET @saved_cs_client     = @@character_set_client */;
/*!50503 SET character_set_client = utf8mb4 */;
CREATE TABLE `flight` (
  `flight_id` varchar(10) NOT NULL,
  `flight_number` varchar(45) DEFAULT NULL,
  `departure_airport_id` varchar(10) DEFAULT NULL,
  `arrival_airport_id` varchar(10) DEFAULT NULL,
  `departure_time` varchar(45) DEFAULT NULL,
  `arrival_time` varchar(45) DEFAULT NULL,
  PRIMARY KEY (`flight_id`),
  KEY `departure_airport_id_idx` (`departure_airport_id`),
  KEY `arrival_airport_id_idx` (`arrival_airport_id`),
  CONSTRAINT `arrival_airport_id` FOREIGN KEY (`arrival_airport_id`) REFERENCES `airport` (`airport_id`) ON DELETE CASCADE ON UPDATE CASCADE,
  CONSTRAINT `departure_airport_id` FOREIGN KEY (`departure_airport_id`) REFERENCES `airport` (`airport_id`) ON DELETE CASCADE ON UPDATE CASCADE,
  CONSTRAINT `flight_id_ticket` FOREIGN KEY (`flight_id`) REFERENCES `flightticket` (`flight_id`) ON DELETE CASCADE ON UPDATE CASCADE
) ENGINE=InnoDB DEFAULT CHARSET=utf8mb4 COLLATE=utf8mb4_0900_ai_ci;
/*!40101 SET character_set_client = @saved_cs_client */;

--
-- Dumping data for table `flight`
--

LOCK TABLES `flight` WRITE;
/*!40000 ALTER TABLE `flight` DISABLE KEYS */;
INSERT INTO `flight` VALUES ('F0001','VN101','HAN','SGN','2025-10-10 08:00:00','2025-10-10 10:15:00'),('F0002','VN102','SGN','HAN','2025-10-10 13:30:00','2025-10-10 15:45:00'),('F0003','VN103','HAN','DAD','2025-10-11 07:00:00','2025-10-11 08:20:00'),('F0004','VN104','DAD','HAN','2025-10-11 09:30:00','2025-10-11 10:50:00'),('F0005','VN105','SGN','DAD','2025-10-12 06:45:00','2025-10-12 08:15:00'),('F0006','VN106','DAD','SGN','2025-10-12 12:00:00','2025-10-12 13:30:00'),('F0007','VN107','HAN','HPH','2025-10-13 09:00:00','2025-10-13 09:45:00'),('F0008','VN108','HPH','HAN','2025-10-13 17:00:00','2025-10-13 17:45:00'),('F0009','VN109','SGN','CXR','2025-10-14 07:15:00','2025-10-14 08:45:00'),('F0010','VN110','CXR','SGN','2025-10-14 18:30:00','2025-10-14 20:00:00'),('F0011','VN111','HAN','PQC','2025-10-15 06:00:00','2025-10-15 08:30:00'),('F0012','VN112','PQC','HAN','2025-10-15 14:00:00','2025-10-15 16:30:00'),('F0013','VN113','DAD','CXR','2025-10-16 09:30:00','2025-10-16 10:40:00'),('F0014','VN114','CXR','DAD','2025-10-16 15:00:00','2025-10-16 16:10:00'),('F0015','VN115','HAN','SGN','2025-10-17 07:00:00','2025-10-17 09:15:00'),('F0016','VN116','SGN','HAN','2025-10-17 18:00:00','2025-10-17 20:15:00'),('F0017','VN117','HPH','SGN','2025-10-18 06:20:00','2025-10-18 08:40:00'),('F0018','VN118','SGN','HPH','2025-10-18 19:10:00','2025-10-18 21:30:00'),('F0019','VN119','DAD','PQC','2025-10-19 10:15:00','2025-10-19 11:45:00'),('F0020','VN120','PQC','DAD','2025-10-19 16:00:00','2025-10-19 17:30:00'),('F0021','VN120','PQC','DAD','2025-10-20 16:00:00','2025-10-21 17:30:00'),('F0022','VN101','HAN','SGN','2025-10-25 08:00:00','2025-10-25 10:15:00'),('F0023','VN121','HAN','SGN','2025-11-01 07:30:00','2025-11-01 09:45:00'),('F0024','VN122','SGN','HAN','2025-11-01 18:00:00','2025-11-01 20:15:00'),('F0025','VN123','HAN','DAD','2025-11-03 06:50:00','2025-11-03 08:10:00'),('F0026','VN124','DAD','HAN','2025-11-03 10:00:00','2025-11-03 11:20:00'),('F0027','VN125','SGN','CXR','2025-11-05 07:15:00','2025-11-05 08:45:00'),('F0028','VN126','CXR','SGN','2025-11-05 18:30:00','2025-11-05 20:00:00'),('F0029','VN127','HAN','PQC','2025-11-08 06:00:00','2025-11-08 08:30:00'),('F0030','VN128','PQC','HAN','2025-11-08 14:30:00','2025-11-08 17:00:00'),('F0031','VN129','HPH','SGN','2025-11-10 06:30:00','2025-11-10 08:50:00'),('F0032','VN130','SGN','HPH','2025-11-10 19:00:00','2025-11-10 21:20:00'),('F0033','VN131','DAD','PQC','2025-11-12 09:45:00','2025-11-12 11:20:00'),('F0034','VN132','PQC','DAD','2025-11-12 15:00:00','2025-11-12 16:40:00'),('F0035','VN133','HAN','CXR','2025-11-15 08:00:00','2025-11-15 09:45:00'),('F0036','VN134','CXR','HAN','2025-11-15 17:00:00','2025-11-15 18:45:00'),('F0037','VN135','HAN','DLI','2025-12-02 07:00:00','2025-12-02 09:00:00'),('F0038','VN136','DLI','HAN','2025-12-02 15:00:00','2025-12-02 17:00:00'),('F0039','VN137','SGN','UIH','2025-12-05 06:20:00','2025-12-05 07:50:00'),('F0040','VN138','UIH','SGN','2025-12-05 18:10:00','2025-12-05 19:40:00'),('F0041','VN139','HAN','VCA','2025-12-07 09:00:00','2025-12-07 10:30:00'),('F0042','VN140','VCA','HAN','2025-12-07 16:00:00','2025-12-07 17:30:00'),('F0043','VN141','DAD','SGN','2025-12-10 08:00:00','2025-12-10 09:30:00'),('F0044','VN142','SGN','DAD','2025-12-10 17:00:00','2025-12-10 18:30:00'),('F0045','VN143','HAN','HUI','2025-12-15 07:00:00','2025-12-15 08:15:00'),('F0046','VN144','HUI','HAN','2025-12-15 17:00:00','2025-12-15 18:15:00'),('F0047','VN145','SGN','PQC','2025-12-20 06:30:00','2025-12-20 07:40:00'),('F0048','VN146','PQC','SGN','2025-12-20 18:00:00','2025-12-20 19:10:00'),('F0049','VN147','HAN','SGN','2026-01-05 08:00:00','2026-01-05 10:15:00'),('F0050','VN148','SGN','HAN','2026-01-05 18:00:00','2026-01-05 20:15:00'),('F0051','VN149','DAD','CXR','2026-01-10 09:00:00','2026-01-10 10:10:00'),('F0052','VN150','CXR','DAD','2026-01-10 15:00:00','2026-01-10 16:10:00'),('F0053','VN141','HAN','SGN','2025-11-01 20:00:00','2025-11-01 21:15:00'),('F0054','VN152','SGN','HAN','2025-11-05 09:30:00','2025-11-05 11:45:00'),('F0055','VN153','HAN','DAD','2025-11-05 10:00:00','2025-11-05 11:20:00'),('F0056','VN154','DAD','SGN','2025-11-05 13:00:00','2025-11-05 14:30:00'),('F0057','VN155','SGN','DAD','2025-11-05 16:30:00','2025-11-05 18:00:00'),('F0058','VN156','SGN','HAN','2025-11-06 07:00:00','2025-11-06 09:15:00'),('F0059','VN157','HAN','SGN','2025-11-06 18:00:00','2025-11-06 20:15:00'),('F0060','VN158','DAD','HAN','2025-11-07 09:00:00','2025-11-07 10:20:00'),('F0061','VN159','HAN','DAD','2025-11-07 14:00:00','2025-11-07 15:20:00'),('F0062','VN160','PQC','SGN','2025-11-08 07:10:00','2025-11-08 08:20:00'),('F0063','VN161','SGN','PQC','2025-11-08 17:30:00','2025-11-08 18:40:00'),('F0064','VN162','HAN','CXR','2025-11-09 08:00:00','2025-11-09 09:40:00'),('F0065','VN163','CXR','HAN','2025-11-09 16:00:00','2025-11-09 17:40:00'),('F0066','VN164','SGN','UIH','2025-11-10 06:30:00','2025-11-10 08:00:00'),('F0067','VN165','UIH','SGN','2025-11-10 17:30:00','2025-11-10 19:00:00'),('F0068','VN166','HAN','HPH','2025-11-11 08:15:00','2025-11-11 09:00:00'),('F0069','VN167','HPH','HAN','2025-11-11 17:00:00','2025-11-11 17:45:00'),('F0070','VN168','HAN','PQC','2025-11-12 06:00:00','2025-11-12 08:30:00'),('F0071','VN169','PQC','HAN','2025-11-12 14:00:00','2025-11-12 16:30:00'),('F0072','VN170','DAD','CXR','2025-11-13 09:30:00','2025-11-13 10:40:00'),('F0073','VN151','HAN','SGN','2025-11-05 06:00:00','2025-11-05 08:15:00'),('F0074','VN172','HAN','SGN','2025-11-05 08:30:00','2025-11-05 10:45:00'),('F0075','VN173','HAN','SGN','2025-11-05 11:15:00','2025-11-05 13:30:00'),('F0076','VN174','HAN','SGN','2025-11-05 14:00:00','2025-11-05 16:15:00'),('F0077','VN175','HAN','SGN','2025-11-05 18:30:00','2025-11-05 20:45:00'),('F0078','VN171','HAN','SGN','2025-11-05 05:45:00','2025-11-05 08:00:00'),('F0079','VN177','SGN','HAN','2025-11-05 09:00:00','2025-11-05 11:15:00'),('F0080','VN178','SGN','HAN','2025-11-05 12:00:00','2025-11-05 14:15:00'),('F0081','VN179','SGN','HAN','2025-11-05 15:00:00','2025-11-05 17:15:00'),('F0082','VN180','SGN','HAN','2025-11-05 19:00:00','2025-11-05 21:15:00'),('F0083','VN176','SGN','HAN','2025-11-05 06:00:00','2025-11-05 08:15:00'),('F0084','VN176','BMV','CAH','2025-11-02 16:00:00','2025-11-02 17:15:00'),('F0085','VN174','HAN','SGN','2025-11-02 23:00:00','2025-11-03 00:15:00'),('F0086','VN181','SGN','HAN','2025-11-06 09:00:00','2025-11-06 11:15:00'),('F0087','VN182','SGN','HAN','2025-11-07 18:00:00','2025-11-07 20:15:00'),('F0088','VN183','DAD','HAN','2025-11-08 10:00:00','2025-11-08 11:20:00'),('F0089','VN184','HAN','DAD','2025-11-09 07:00:00','2025-11-09 08:20:00'),('F0090','VN185','DAD','SGN','2025-11-10 12:00:00','2025-11-10 13:30:00'),('F0091','VN186','SGN','DAD','2025-11-11 16:30:00','2025-11-11 18:00:00'),('F0092','VN187','HPH','HAN','2025-11-12 17:00:00','2025-11-12 17:45:00'),('F0093','VN188','HAN','HPH','2025-11-13 08:15:00','2025-11-13 09:00:00'),('F0094','VN189','CXR','SGN','2025-11-14 18:30:00','2025-11-14 20:00:00'),('F0095','VN190','SGN','CXR','2025-11-15 07:15:00','2025-11-15 08:45:00'),('F0096','VN191','PQC','HAN','2025-11-16 14:30:00','2025-11-16 17:00:00'),('F0097','VN192','HAN','PQC','2025-11-17 06:00:00','2025-11-17 08:30:00'),('F0098','VN193','CXR','DAD','2025-11-18 15:00:00','2025-11-18 16:10:00'),('F0099','VN194','DAD','CXR','2025-11-19 09:30:00','2025-11-19 10:40:00'),('F0100','VN195','SGN','HAN','2025-11-20 18:00:00','2025-11-20 20:15:00'),('F0101','VN196','HAN','SGN','2025-11-21 08:00:00','2025-11-21 10:15:00'),('F0102','VN197','SGN','HPH','2025-11-22 19:00:00','2025-11-22 21:20:00'),('F0103','VN198','HPH','SGN','2025-11-23 06:30:00','2025-11-23 08:50:00'),('F0104','VN199','PQC','DAD','2025-11-24 16:00:00','2025-11-24 17:30:00'),('F0105','VN200','DAD','PQC','2025-11-25 10:15:00','2025-11-25 11:45:00'),('F0106','VN201','SGN','PQC','2025-11-26 17:30:00','2025-11-26 18:40:00'),('F0107','VN202','PQC','SGN','2025-11-27 07:10:00','2025-11-27 08:20:00'),('F0108','VN203','UIH','SGN','2025-11-28 17:30:00','2025-11-28 19:00:00'),('F0109','VN204','SGN','UIH','2025-11-29 06:30:00','2025-11-29 08:00:00'),('F0110','VN205','CXR','HAN','2025-11-30 16:00:00','2025-11-30 17:40:00'),('F0111','VN206','HAN','CXR','2025-12-01 08:00:00','2025-12-01 09:40:00'),('F0112','VN207','DLI','HAN','2025-12-02 15:00:00','2025-12-02 17:00:00'),('F0113','VN208','HAN','DLI','2025-12-03 07:00:00','2025-12-03 09:00:00'),('F0114','VN209','SGN','VCA','2025-12-04 06:30:00','2025-12-04 08:00:00'),('F0115','VN210','VCA','SGN','2025-12-05 18:00:00','2025-12-05 19:30:00'),('F0116','VN201','HAN','DAD','2025-11-06 06:00:00','2025-11-06 07:15:00'),('F0117','VN202','DAD','HAN','2025-11-06 08:00:00','2025-11-06 09:15:00'),('F0118','VN203','HAN','SGN','2025-11-06 07:30:00','2025-11-06 09:45:00'),('F0119','VN204','SGN','HAN','2025-11-06 10:30:00','2025-11-06 12:45:00'),('F0120','VN205','SGN','DAD','2025-11-06 06:15:00','2025-11-06 07:45:00'),('F0121','VN206','DAD','SGN','2025-11-06 09:00:00','2025-11-06 10:30:00'),('F0122','VN207','HAN','HPH','2025-11-06 06:45:00','2025-11-06 07:30:00'),('F0123','VN208','HPH','HAN','2025-11-06 08:00:00','2025-11-06 08:45:00'),('F0124','VN209','SGN','CXR','2025-11-06 11:00:00','2025-11-06 12:10:00'),('F0125','VN210','CXR','SGN','2025-11-06 13:00:00','2025-11-06 14:10:00'),('F0126','VN211','PQC','SGN','2025-11-06 07:00:00','2025-11-06 08:00:00'),('F0127','VN212','SGN','PQC','2025-11-06 09:00:00','2025-11-06 10:00:00'),('F0128','VN213','HAN','VII','2025-11-06 09:30:00','2025-11-06 10:30:00'),('F0129','VN214','VII','HAN','2025-11-06 11:30:00','2025-11-06 12:30:00'),('F0130','VN215','DLI','SGN','2025-11-06 08:00:00','2025-11-06 09:00:00'),('F0131','VN216','SGN','DLI','2025-11-06 10:00:00','2025-11-06 11:00:00'),('F0132','VN217','UIH','DAD','2025-11-06 08:15:00','2025-11-06 09:00:00'),('F0133','VN218','DAD','UIH','2025-11-06 10:00:00','2025-11-06 10:45:00'),('F0134','VN219','THD','HAN','2025-11-06 07:15:00','2025-11-06 08:00:00'),('F0135','VN220','HAN','THD','2025-11-06 08:45:00','2025-11-06 09:30:00'),('F0136','VN221','BMV','SGN','2025-11-06 06:30:00','2025-11-06 07:30:00'),('F0137','VN222','SGN','BMV','2025-11-06 08:30:00','2025-11-06 09:30:00'),('F0138','VN223','PXU','DAD','2025-11-06 09:15:00','2025-11-06 10:15:00'),('F0139','VN224','DAD','PXU','2025-11-06 11:15:00','2025-11-06 12:15:00'),('F0140','VN225','CAH','VCA','2025-11-06 10:00:00','2025-11-06 10:45:00'),('F0141','VN226','VCA','CAH','2025-11-06 11:15:00','2025-11-06 12:00:00'),('F0142','VN227','HUI','DAD','2025-11-06 13:00:00','2025-11-06 13:45:00'),('F0143','VN228','DAD','HUI','2025-11-06 14:15:00','2025-11-06 15:00:00'),('F0144','VN229','VCL','DAD','2025-11-06 15:30:00','2025-11-06 16:15:00'),('F0145','VN230','DAD','VCL','2025-11-06 17:00:00','2025-11-06 17:45:00'),('F0146','VN231','HAN','SGN','2025-11-03 07:30:00','2025-11-03 09:45:00'),('F0147','VN232','SGN','HAN','2025-11-03 18:00:00','2025-11-03 20:15:00'),('F0148','VN233','DAD','HPH','2025-11-03 09:00:00','2025-11-03 10:30:00'),('F0149','VN234','HAN','DAD','2025-11-04 06:45:00','2025-11-04 08:00:00'),('F0150','VN235','DAD','HAN','2025-11-04 09:30:00','2025-11-04 10:45:00'),('F0151','VN236','SGN','PQC','2025-11-04 13:15:00','2025-11-04 14:45:00'),('F0152','VN237','PQC','SGN','2025-11-04 16:00:00','2025-11-04 17:30:00'),('F0153','VN238','HAN','CXR','2025-11-05 07:10:00','2025-11-05 08:40:00'),('F0154','VN239','CXR','HAN','2025-11-05 17:00:00','2025-11-05 18:30:00'),('F0155','VN240','DAD','SGN','2025-11-05 09:00:00','2025-11-05 10:45:00'),('F0156','VN241','SGN','DAD','2025-11-06 11:15:00','2025-11-06 13:00:00'),('F0157','VN242','HAN','VCA','2025-11-06 06:30:00','2025-11-06 08:00:00'),('F0158','VN243','VCA','HAN','2025-11-06 17:30:00','2025-11-06 19:00:00'),('F0159','VN244','UIH','SGN','2025-11-07 09:10:00','2025-11-07 10:30:00'),('F0160','VN245','SGN','UIH','2025-11-07 14:00:00','2025-11-07 15:20:00'),('F0161','VN246','HAN','HPH','2025-11-08 08:00:00','2025-11-08 08:45:00'),('F0162','VN247','HPH','HAN','2025-11-08 17:00:00','2025-11-08 17:45:00'),('F0163','VN248','DLI','SGN','2025-11-08 09:00:00','2025-11-08 10:00:00'),('F0164','VN249','SGN','DLI','2025-11-09 13:30:00','2025-11-09 14:30:00'),('F0165','VN250','HAN','PQC','2025-11-09 06:00:00','2025-11-09 08:30:00'),('F0166','VN251','PQC','HAN','2025-11-09 14:00:00','2025-11-09 16:30:00'),('F0167','VN252','SGN','BMV','2025-11-10 07:15:00','2025-11-10 08:15:00'),('F0168','VN253','BMV','SGN','2025-11-10 17:30:00','2025-11-10 18:30:00'),('F0169','VN254','DAD','VCL','2025-11-11 09:00:00','2025-11-11 09:45:00'),('F0170','VN255','VCL','DAD','2025-11-11 17:00:00','2025-11-11 17:45:00'),('F0171','VN256','HAN','THD','2025-11-12 08:00:00','2025-11-12 08:40:00'),('F0172','VN257','THD','HAN','2025-11-12 17:00:00','2025-11-12 17:40:00'),('F0173','VN258','SGN','CAH','2025-11-13 07:10:00','2025-11-13 08:20:00'),('F0174','VN259','CAH','SGN','2025-11-13 15:00:00','2025-11-13 16:10:00'),('F0175','VN260','HAN','VII','2025-11-14 09:00:00','2025-11-14 10:10:00'),('F0176','VN261','VII','HAN','2025-11-14 17:00:00','2025-11-14 18:10:00'),('F0177','VN262','SGN','UIH','2025-11-15 06:50:00','2025-11-15 08:10:00'),('F0178','VN263','UIH','SGN','2025-11-15 17:20:00','2025-11-15 18:40:00'),('F0179','VN264','HAN','DAD','2025-11-16 07:00:00','2025-11-16 08:20:00'),('F0180','VN265','DAD','HAN','2025-11-16 09:40:00','2025-11-16 11:00:00'),('F0181','VN266','SGN','PQC','2025-11-17 12:30:00','2025-11-17 14:00:00'),('F0182','VN267','PQC','SGN','2025-11-17 16:30:00','2025-11-17 18:00:00'),('F0183','VN268','HAN','SGN','2025-11-18 08:00:00','2025-11-18 10:15:00'),('F0184','VN269','SGN','HAN','2025-11-18 18:00:00','2025-11-18 20:15:00'),('F0185','VN270','DAD','CXR','2025-11-19 09:00:00','2025-11-19 10:20:00'),('F0186','VN271','CXR','DAD','2025-11-19 15:00:00','2025-11-19 16:20:00'),('F0187','VN272','HAN','SGN','2025-11-20 07:30:00','2025-11-20 09:45:00'),('F0188','VN273','SGN','HAN','2025-11-20 18:00:00','2025-11-20 20:15:00'),('F0189','VN274','DAD','UIH','2025-11-21 09:00:00','2025-11-21 10:10:00'),('F0190','VN275','UIH','DAD','2025-11-21 16:00:00','2025-11-21 17:10:00'),('F0191','VN276','HAN','HPH','2025-11-22 08:00:00','2025-11-22 08:45:00'),('F0192','VN277','HPH','HAN','2025-11-22 17:00:00','2025-11-22 17:45:00'),('F0193','VN278','SGN','PQC','2025-11-23 06:45:00','2025-11-23 08:15:00'),('F0194','VN279','PQC','SGN','2025-11-23 15:30:00','2025-11-23 17:00:00'),('F0195','VN280','DAD','SGN','2025-11-30 08:00:00','2025-11-30 09:45:00'),('F0196','VN280','BMV','CAH','2025-11-06 06:00:00','2025-11-06 07:00:00'),('F0197','VN280','CAH','BMV','2025-11-07 06:00:00','2025-11-07 07:15:00'),('F0198','VN278','BMV','CAH','2025-11-06 06:30:00','2025-11-06 07:30:00'),('F0199','VN278','CAH','BMV','2025-11-07 06:30:00','2025-11-07 07:30:00'),('F0200','VN277','BMV','CAH','2025-11-06 08:00:00','2025-11-06 09:00:00'),('F0201','VN279','CAH','BMV','2025-11-07 08:00:00','2025-11-07 09:00:00'),('F0202','VN100','BMV','CAH','2025-11-06 23:30:00','2025-11-07 00:30:00'),('F0203','VN101','BMV','CAH','2025-11-07 00:15:00','2025-11-07 01:15:00'),('F0204','VN100','CAH','BMV','2025-11-07 00:15:00','2025-11-07 01:15:00'),('F0205','VN102','HAN','PQC','2025-11-06 07:00:00','2025-11-06 09:30:00'),('F0206','VN101','PQC','HAN','2025-11-07 06:00:00','2025-11-07 07:12:00'),('F0207','VN300','HAN','PQC','2025-11-06 15:30:00','2025-11-06 17:55:00'),('F0208','VN301','HAN','PQC','2025-11-06 20:00:00','2025-11-06 22:20:00'),('F0209','VN302','PQC','HAN','2025-11-07 15:30:00','2025-11-07 16:42:00'),('F0210','VN110','HAN','SGN','2025-11-07 10:00:00','2025-11-07 12:20:00'),('F0211','VN111','HAN','SGN','2025-11-07 08:00:00','2025-11-07 10:15:00'),('F0212','VN099','HAN','SGN','2025-11-06 21:00:00','2025-11-06 23:20:00'),('F0213','VN098','HAN','SGN','2025-11-06 22:00:00','2025-11-07 00:15:00'),('F0214','VN080','SGN','HAN','2025-11-06 22:00:00','2025-11-07 00:15:00'),('F0215','VN001','CAH','BMV','2025-11-06 14:00:00','2025-11-06 15:00:00'),('F0216','VN002','CAH','BMV','2025-11-06 19:00:00','2025-11-06 20:00:00'),('F0217','VN003','PQC','HAN','2025-11-06 09:00:00','2025-11-06 10:12:00'),('F0218','VN005','SGN','HAN','2025-11-07 08:00:00','2025-11-07 10:10:00'),('F0219','VN006','SGN','HAN','2025-11-07 16:00:00','2025-11-07 18:15:00'),('F0220','VN007','HAN','SGN','2025-11-06 23:30:00','2025-11-07 01:45:00'),('F0221','VN001','SGN','HAN','2025-11-06 21:00:00','2025-11-06 23:10:00'),('F0222','VN001','SGN','HAN','2025-11-10 09:00:00','2025-11-10 11:15:00'),('F0223','VN002','SGN','HAN','2025-11-10 15:00:00','2025-11-10 17:00:00'),('F0224','VN003','SGN','HAN','2025-11-10 19:30:00','2025-11-10 21:40:00'),('F0225','VN011','PQC','HAN','2025-11-10 09:00:00','2025-11-10 11:30:00'),('F0226','VN012','PQC','HAN','2025-11-10 15:30:00','2025-11-10 18:00:00'),('F0227','VN055','HAN','PQC','2025-11-07 09:00:00','2025-11-07 11:30:00'),('F0228','VN056','HAN','PQC','2025-11-07 15:00:00','2025-11-07 17:30:00'),('F0229','VN057','HAN','DAD','2025-11-07 09:30:00','2025-11-07 10:55:00'),('F0230','VN030','DAD','HAN','2025-11-10 15:00:00','2025-11-10 16:20:00'),('F0231','VN033','DAD','HAN','2025-11-09 09:30:00','2025-11-09 10:50:00'),('F0232','VN031','DAD','HAN','2025-11-09 15:30:00','2025-11-09 16:50:00'),('F0233','VN005','DAD','HAN','2025-11-09 17:00:00','2025-11-09 18:20:00'),('F0234','VN053','HAN','DAD','2025-11-07 18:00:00','2025-11-07 19:20:00'),('F0235','VN058','HAN','DAD','2025-11-06 08:00:00','2025-11-06 09:20:00'),('F0236','VN059','HAN','DAD','2025-11-06 10:00:00','2025-11-06 11:20:00'),('F0237','VN011','HAN','DAD','2025-11-06 19:00:00','2025-11-06 20:25:00'),('F0238','VN012','SGN','HAN','2025-11-09 08:00:00','2025-11-09 10:15:00'),('F0239','VN015','SGN','HAN','2025-11-09 10:00:00','2025-11-09 12:20:00'),('F0240','VN016','SGN','HAN','2025-11-09 15:30:00','2025-11-09 17:50:00'),('F0241','VN017','SGN','HAN','2025-11-09 18:00:00','2025-11-09 20:15:00'),('F0242','VN018','SGN','HAN','2025-11-09 20:00:00','2025-11-09 22:15:00'),('F0243','VN019','SGN','HAN','2025-11-09 22:00:00','2025-11-10 00:10:00');
/*!40000 ALTER TABLE `flight` ENABLE KEYS */;
UNLOCK TABLES;

--
-- Table structure for table `flightticket`
--

DROP TABLE IF EXISTS `flightticket`;
/*!40101 SET @saved_cs_client     = @@character_set_client */;
/*!50503 SET character_set_client = utf8mb4 */;
CREATE TABLE `flightticket` (
  `flight_id` varchar(10) NOT NULL,
  `price` decimal(10,0) DEFAULT NULL,
  `seats_available` int DEFAULT NULL,
  PRIMARY KEY (`flight_id`)
) ENGINE=InnoDB DEFAULT CHARSET=utf8mb4 COLLATE=utf8mb4_0900_ai_ci;
/*!40101 SET character_set_client = @saved_cs_client */;

--
-- Dumping data for table `flightticket`
--

LOCK TABLES `flightticket` WRITE;
/*!40000 ALTER TABLE `flightticket` DISABLE KEYS */;
INSERT INTO `flightticket` VALUES ('F0001',1500000,100),('F0002',1450000,100),('F0003',1800000,100),('F0004',1900000,100),('F0005',1200000,100),('F0006',1250000,100),('F0007',1200000,100),('F0008',1300000,100),('F0009',1100000,100),('F0010',1150000,100),('F0011',2000000,100),('F0012',2050000,100),('F0013',1000000,100),('F0014',1050000,100),('F0015',1700000,100),('F0016',1750000,100),('F0017',2200000,100),('F0018',2250000,100),('F0019',1300000,100),('F0020',1350000,100),('F0021',1350000,100),('F0022',1500000,100),('F0023',1500000,100),('F0024',1450000,99),('F0025',1800000,100),('F0026',1900000,100),('F0027',1100000,100),('F0028',1150000,100),('F0029',2000000,100),('F0030',2050000,100),('F0031',2200000,100),('F0032',2250000,100),('F0033',1300000,100),('F0034',1350000,100),('F0035',1500000,100),('F0036',1550000,100),('F0037',1600000,100),('F0038',1650000,100),('F0039',1200000,100),('F0040',1250000,100),('F0041',1800000,100),('F0042',1900000,100),('F0043',1250000,100),('F0044',1300000,100),('F0045',1600000,100),('F0046',1700000,100),('F0047',1000000,100),('F0048',1050000,100),('F0049',1500000,100),('F0050',1450000,100),('F0051',1000000,100),('F0052',1050000,100),('F0053',1050000,96),('F0054',1450000,100),('F0055',1800000,100),('F0056',1250000,100),('F0057',1200000,100),('F0058',1500000,99),('F0059',1450000,99),('F0060',1900000,100),('F0061',1800000,100),('F0062',1050000,100),('F0063',1100000,100),('F0064',1500000,100),('F0065',1550000,100),('F0066',1200000,100),('F0067',1250000,100),('F0068',1200000,100),('F0069',1300000,100),('F0070',2000000,100),('F0071',2050000,100),('F0072',1000000,100),('F0073',1500000,100),('F0074',1520000,100),('F0075',1550000,100),('F0076',1580000,100),('F0077',1600000,100),('F0078',1500000,100),('F0079',1470000,97),('F0080',1500000,96),('F0081',1530000,100),('F0082',1560000,100),('F0083',1450000,96),('F0084',1450000,99),('F0085',1580000,86),('F0086',1700000,82),('F0087',1750000,100),('F0088',1900000,100),('F0089',1800000,100),('F0090',1250000,100),('F0091',1200000,100),('F0092',1300000,100),('F0093',1200000,100),('F0094',1150000,100),('F0095',1100000,100),('F0096',2050000,100),('F0097',2000000,100),('F0098',1050000,100),('F0099',1000000,100),('F0100',1750000,100),('F0101',1700000,100),('F0102',2250000,100),('F0103',2200000,100),('F0104',1350000,100),('F0105',1300000,100),('F0106',2100000,100),('F0107',2050000,100),('F0108',1150000,100),('F0109',1100000,100),('F0110',1500000,100),('F0111',1450000,100),('F0112',1900000,100),('F0113',1800000,100),('F0114',1200000,100),('F0115',1250000,100),('F0116',1900000,100),('F0117',1900000,100),('F0118',1700000,82),('F0119',1700000,96),('F0120',1300000,100),('F0121',1300000,100),('F0122',1200000,100),('F0123',1200000,100),('F0124',1000000,100),('F0125',1000000,100),('F0126',1200000,100),('F0127',1200000,100),('F0128',1400000,100),('F0129',1400000,100),('F0130',1800000,100),('F0131',1800000,100),('F0132',1700000,100),('F0133',1700000,100),('F0134',1300000,100),('F0135',1300000,100),('F0136',1900000,100),('F0137',1900000,100),('F0138',1500000,100),('F0139',1500000,100),('F0140',1100000,100),('F0141',1100000,100),('F0142',1300000,100),('F0143',1300000,100),('F0144',1400000,100),('F0145',1400000,100),('F0146',1700000,100),('F0147',1750000,100),('F0148',1000000,100),('F0149',1900000,100),('F0150',1900000,100),('F0151',1200000,100),('F0152',1250000,100),('F0153',1450000,100),('F0154',1450000,100),('F0155',1250000,100),('F0156',1300000,100),('F0157',1800000,100),('F0158',1900000,100),('F0159',1100000,100),('F0160',1150000,100),('F0161',1200000,100),('F0162',1300000,100),('F0163',1900000,100),('F0164',1900000,100),('F0165',2000000,100),('F0166',2050000,100),('F0167',1100000,100),('F0168',1150000,100),('F0169',1800000,100),('F0170',1900000,100),('F0171',1400000,100),('F0172',1500000,100),('F0173',1200000,100),('F0174',1250000,100),('F0175',1900000,100),('F0176',1900000,100),('F0177',1150000,100),('F0178',1150000,100),('F0179',1800000,100),('F0180',1900000,100),('F0181',1250000,100),('F0182',1250000,100),('F0183',1500000,100),('F0184',1500000,100),('F0185',1000000,100),('F0186',1050000,100),('F0187',1700000,100),('F0188',1750000,100),('F0189',1900000,100),('F0190',1900000,100),('F0191',1300000,100),('F0192',1300000,100),('F0193',1200000,100),('F0194',1200000,100),('F0195',1300000,100),('F0196',1300000,100),('F0197',1300000,100),('F0198',1300000,100),('F0199',1300000,100),('F0200',1250000,91),('F0201',1250000,100),('F02014',2450000,100),('F02016',1200000,100),('F0202',1350000,100),('F0203',1350000,100),('F0204',1400000,91),('F0205',1450000,100),('F0206',1450000,100),('F0207',1400000,100),('F0208',1450000,100),('F0209',1450000,100),('F0210',2250000,100),('F0211',2250000,100),('F0212',2300000,100),('F0213',2500000,100),('F0214',2600000,99),('F0215',1200000,100),('F0216',1250000,100),('F0217',1500000,100),('F0218',2000000,100),('F0219',2100000,100),('F0220',2200000,100),('F0221',2200000,100),('F0222',2300000,100),('F0223',2300000,100),('F0224',2500000,100),('F0225',3100000,100),('F0226',3000000,100),('F0227',3000000,100),('F0228',3100000,100),('F0229',2000000,100),('F0230',2100000,100),('F0231',2100000,100),('F0232',2200000,100),('F0233',2200000,100),('F0234',2000000,100),('F0235',2000000,100),('F0236',2100000,100),('F0237',2200000,100),('F0238',2300000,100),('F0239',2100000,100),('F0240',2200000,100),('F0241',2200000,100),('F0242',2300000,100),('F0243',2500000,100);
/*!40000 ALTER TABLE `flightticket` ENABLE KEYS */;
UNLOCK TABLES;
/*!40103 SET TIME_ZONE=@OLD_TIME_ZONE */;

/*!40101 SET SQL_MODE=@OLD_SQL_MODE */;
/*!40014 SET FOREIGN_KEY_CHECKS=@OLD_FOREIGN_KEY_CHECKS */;
/*!40014 SET UNIQUE_CHECKS=@OLD_UNIQUE_CHECKS */;
/*!40101 SET CHARACTER_SET_CLIENT=@OLD_CHARACTER_SET_CLIENT */;
/*!40101 SET CHARACTER_SET_RESULTS=@OLD_CHARACTER_SET_RESULTS */;
/*!40101 SET COLLATION_CONNECTION=@OLD_COLLATION_CONNECTION */;
/*!40111 SET SQL_NOTES=@OLD_SQL_NOTES */;

-- Dump completed on 2025-11-06  8:31:58
